id,first_name,last_name,age
1,John,Doe,30
1,John,Doe,30
1,John,Doe,30
1,John,Doe,30
1,John,Doe,30
1,John,Doe,30
1,John,Doe,30
1,John,Doe,30
1,John,Doe,30
1,John,Doe,30
1,John,Doe,30
1,John,Doe,30
1,John,Doe,30
1,John,Doe,30
1,John,Doe,30
1,John,Doe,30
1,John,Doe,30
1,John,Doe,30
1,John,Doe,30
1,John,Doe,30
1,John,Doe,30
1,John,Doe,30
1,John,Doe,30
1,John,Doe,30
1,John,Doe,30
1,John,Doe,30
1,John,Doe,30
1,John,Doe,30
1,John,Doe,30
1,John,Doe,30
1,John,Doe,30
1,John,Doe,30
1,John,Doe,30
1,John,Doe,30
1,John,Doe,30
1,John,Doe,30
1,John,Doe,30
1,John,Doe,30
1,John,Doe,30
1,John,Doe,30
1,John,Doe,30
1,John,Doe,30
1,John,Doe,30
1,John,Doe,30
1,John,Doe,30
1,John,Doe,30
1,John,Doe,30
1,John,Doe,30
1,John,Doe,30
1,John,Doe,30
1,John,Doe,30
1,John,Doe,30
1,John,Doe,30
1,John,Doe,30
1,John,Doe,30
1,John,Doe,30
1,John,Doe,30
1,John,Doe,30
1,John,Doe,30
1,John,Doe,30

